AreaCode,Area,StartPinCode,EndPinCode,AreaName
110001,NEW DELHI,110001,110001,NEW DELHI CONNAUGHT PLACE : 110 001  - 110 001
110005,NEW DELHI,110005,110005,NEW DELHI KAROL BAG : 110 005 : 110 005
110007,NEW DELHI,110007,110007,NEW DELHI KAMLA NAGAR : 110 007 : 110 007
110012,NEW DELHI,110012,110012,NEW DELHI INDER PURI : 110 012 : 110 012
110014,NEW DELHI,110014,110014,NEW DELHI JANGPUR : 110 014 : 110 014
110016,NEW DELHI,110016,110016,NEW DELHI HAUZ KHAS : 110 016 : 110 016
110018,NEW DELHI,110018,110018,NEW DELHI TILAK NAGAR : 110 018 : 110 018
110019,NEW DELHI,110019,110019,NEW DELHI KALKAJI  : 110 019 : 110 019
110021,NEW DELHI,110021,110021,NEW DELHI NANAK PURA : 110 021 : 110 021
110040,NEW DELHI,110040,110040,NEW DELHI NARELA : 110 040 : 110 040
110042,NEW DELHI,110042,110042,NEW DELHI DELHI ENGINEERING COLLEGE : 110 042 : 110 042
110045,NEW DELHI,110045,110045,NEW DELHI BAGROLA : 110 045 : 110 045
110047,NEW DELHI,110047,110047,NEW DELHI ARJANGARH : 110 047 : 110 047
110048,NEW DELHI,110048,110048,NEW DELHI GREATER KAILASH : 110 048 : 110 048
110055,NEW DELHI,110055,110055,NEW DELHI AMRIT KAUR MARKET : 110 055 : 110 055
110057,NEW DELHI,110057,110057,NEW DELHI VASANT VIHAR : 110 057 : 110 057
110058,NEW DELHI,110058,110058,NEW DELHI DESU COLONY : 110 058 : 110 058
110060,NEW DELHI,110060,110060,NEW DELHI RAJINDRA NAGAR : 110 060 : 110 060
110063,NEW DELHI,110063,110063,NEW DELHI MADIPUR : 110 063 : 110 063
110064,NEW DELHI,110064,110064,NEW DELHI B.E.BLOCK HARINAGAR : 110 064 : 110 064
110066,NEW DELHI,110066,110066,NEW DELHI R.K.PURAM : 110066 : 110066
110067,NEW DELHI,110067,110067,NEW DELHI JNU NEW CAMPUS : 110 067 : 110 067
110070,NEW DELHI,110070,110070,NEW DELHI VASANT KUNJ : 110 070 : 110 070
110074,NEW DELHI,110074,110074,NEW DELHI CHATTARPUR : 110 074 : 110 074
110075,NEW DELHI,110075,110075,NEW DELHI DWARKA SECTOR 6 : 110 075 : 110 075
110076,NEW DELHI,110076,110076,NEW DELHI MADANPUR KHADAR : 110 076 : 110 076
110078,NEW DELHI,110078,110078,NEW DELHI KAKROLA : 110 078 : 110 078
110080,NEW DELHI,110080,110080,NEW DELHI SANGAM VIHAR : 110 080 : 110 080
110085,NEW DELHI,110085,110085,NEW DELHI RITHALA : 110 085 : 110 085
110091,NEW DELHI,110091,110091,NEW DELHI MAYUR VIHAR : 110 091 : 110 091
110092,NEW DELHI,110092,110092,NEW DELHI SHAKARPUR : 110 092 : 110 092
110095,NEW DELHI,110095,110095,NEW DELHI DILSHAD GARDEN : 110 095 : 110 095
110096,NEW DELHI,110096,110096,NEW DELHI MAYUR VIHAR PH III : 110 096 : 110 096
121,HARYANA SORTING,121001,127999,121*** : HARYANA SORTING : 121 001 - 127 999
131,AMBALA RMS,131001,136999,131*** : AMBALA RMS : 131 001 - 136 999
140,CHANDIGARH SORTING ( A ),140001,140999,140*** : CHANDIGARH SORTING ( A ) : 140 001 - 140 999
141,LUDHIANA RMS ( A ),141001,141999,141*** : LUDHIANA RMS ( A ) : 141 001 - 141 999
142,LUDHIANA RMS ( B ),142001,142999,142*** : LUDHIANA RMS ( B ) : 142 001 - 142 999
143,AMRITSAR RMS ( A ),143001,143999,143*** : AMRITSAR RMS ( A ) : 143 001 - 143 999
144,JALANDHAR CITY RMS ( A ),144001,144999,144*** : JALANDHAR CITY RMS ( A ) : 144 001 - 144 999
145,AMRITSAR RMS ( B ),145001,145999,145*** : AMRITSAR RMS ( B ) : 145 001 - 145 999
146,JALANDHAR CITY RMS ( B ),146001,146999,146*** : JALANDHAR CITY RMS ( B ) : 146 001 - 146 999
147,PATIALA RMS,147001,147999,147*** : PATIALA RMS : 147 001 - 147 999
148,LUDHIANA RMS ( C ),148001,148999,148*** : LUDHIANA RMS ( C ) : 148 001 - 148 999
151,LUDHIANA RMS ( D ),151001,151999,151*** : LUDHIANA RMS ( D ) : 151 001 - 151 999
152,LUDHIANA RMS ( E ),152001,152999,152*** : LUDHIANA RMS ( E ) : 152 001 - 152 999
160,CHANDIGARH SORTING ( B ),160001,160999,160*** : CHANDIGARH SORTING ( B ) : 160 001 - 160 999
171,SHIMLA RMS ( A ),171001,171999,171*** : SHIMLA RMS ( A ) : 171 001 - 171 999
172,SHIMLA RMS ( B ),172001,172999,172*** : SHIMLA RMS ( B ) : 172 001 - 172 999
173,AMBALA RMS (HP),173001,175999,173*** : AMBALA RMS (HP) : 173 001 - 175 999
176,PATHANKOT RMS ( A ),176001,176999,176*** : PATHANKOT RMS ( A ) : 176 001 - 176 999
177,PATHANKOT RMS ( B ),177001,177999,177*** : PATHANKOT RMS ( B ) : 177 001 - 177 999
180,JAMMU RMS,180001,185999,180*** : JAMMU RMS : 180 001 - 185 999
190,SRINAGAR RMS,190001,194999,190*** : SRINAGAR RMS : 190 001 - 194 999
201,GHAZIABAD CSO ( A ),201001,201999,201*** : GHAZIABAD CSO ( A ) : 201 001 - 201 999
202,BAREILLY  RMS ( A ),202001,202999,202*** : BAREILLY  RMS ( A ) : 202 001 - 202 999
203,GHAZIABAD CSO ( B ),203001,203999,203*** : GHAZIABAD CSO ( B ) : 203 001 - 203 999
204,GHAZIABAD CSO ( C ),204001,204999,204*** : GHAZIABAD CSO ( C ) : 204 001 - 204 999
205,AGRA FORT RMS ( B ),205001,205999,205*** : AGRA FORT RMS ( B ) : 205 001 - 205 999
206,AGRA FORT RMS ( C ),206001,206999,206*** : AGRA FORT RMS ( C ) : 206 001 - 206 999
207,BAREILLY  RMS ( B ),207001,207999,207*** : BAREILLY  RMS ( B ) : 207 001 - 207 999
208,KANPUR RMS ( A ),208001,208999,208*** : KANPUR RMS ( A ) : 208 001 - 208 999
209,KANPUR RMS ( B ),209001,209999,209*** : KANPUR RMS ( B ) : 209 001 - 209 999
210,KANPUR RMS ( C ),210001,210999,210*** : KANPUR RMS ( C ) : 210 001 - 210 999
211,ALLAHABAD RMS ( A ),211001,211999,211*** : ALLAHABAD RMS ( A ) : 211 001 - 211 999
212,ALLAHABAD RMS ( B ),212001,212999,212*** : ALLAHABAD RMS ( B ) : 212 001 - 212 999
221,VARANASI RMS ( A ),221001,221999,221*** : VARANASI RMS ( A ) : 221 001 - 221 999
222,VARANASI RMS ( B ),222001,222999,222*** : VARANASI RMS ( B ) : 222 001 - 222 999
224,LUCKNOW RMS ( A ),224001,228999,224*** : LUCKNOW RMS ( A ) : 224 001 - 228 999
229,ALLAHABAD RMS ( C ),229001,229999,229*** : ALLAHABAD RMS ( C ) : 229 001 - 229 999
230,ALLAHABAD RMS ( D ),230001,230999,230*** : ALLAHABAD RMS ( D ) : 230 001 - 230 999
231,VARANASI RMS ( B ),231001,233999,231*** : VARANASI RMS ( B ) : 231 001 - 233 999
241,BAREILLY RMS ( C ),241001,244999,241*** : BAREILLY RMS ( C ) : 241 001 - 244 999
245,GHAZIABAD CSO ( D ),245001,245999,245*** : GHAZIABAD CSO ( D ) : 245 001 - 245 999
246,SAHARANPUR RMS ( A ),246001,246999,246*** : SAHARANPUR RMS ( A ) : 246 001 - 246 999
247,SAHARANPUR RMS,247001,247999,247*** : SAHARANPUR RMS  : 247 001 - 247 999
248,SAHARANPUR RMS ( B ),248001,248999,248*** : SAHARANPUR RMS ( B ) : 248 001 - 248 999
249,SAHARANPUR RMS ( C ),249001,249999,249*** : SAHARANPUR RMS ( C ) : 249 001 - 249 999
250,GHAZIABAD CSO ( E ),250001,250999,250*** : GHAZIABAD CSO ( E ) : 250 001 - 250 999
251,SAHARANPUR RMS ( D ),251001,251999,251*** : SAHARANPUR RMS ( D ) : 251 001 - 251 999
261,LUCKNOW RMS ( B ),261001,261999,261*** : LUCKNOW RMS ( B ) : 261 001 - 261 999
262,BAREILLY RMS ( D ),262001,262999,262*** : BAREILLY RMS ( D ) : 262 001 - 262 999
263,BAREILLY RMS ( E ),263001,263999,263*** : BAREILLY RMS ( E ) : 263 001 - 263 999
271,GORAKPUR  RMS,271001,274999,271*** : GORAKPUR  RMS : 271 001 - 274 999
275,VARANASI RMS ( C ),275001,277999,275*** : VARANASI RMS ( C ) : 275 001 - 277 999
281,AGRA FORT RMS ( A ),281001,285999,281*** : AGRA FORT RMS ( A ) : 281 001 - 285 999
301,JAIPUR RMS ( A ),301001,304999,301*** : JAIPUR RMS ( A ) : 301 001 - 304 999
305,AJMER RMS ( A ),305001,307999,305*** : AJMER RMS ( A ) : 305 001 - 307 999
311,AJMER RMS ( B   ),311001,311999,311*** : AJMER RMS ( B   ) : 311 001 - 311 999
312,UDAIPUR RMS ( A ),312001,314999,312*** : UDAIPUR RMS ( A ) : 312 001 - 314 999
321,JAIPUR RMS ( C ),321001,321999,321*** : JAIPUR RMS ( C ) : 321 001 - 321 999
322,KOTA RMS,322001,326999,322*** : KOTA RMS  : 322 001 - 326 999
327,UDAIPUR RMS ( B ),327001,327999,327*** : UDAIPUR RMS ( B ) : 327 001 - 327 999
328,JAIPUR RMS ( D ),328001,328999,328*** : JAIPUR RMS ( D ) : 328 001 - 328 999
331,JAIPUR RMS ( B ),331001,335999,331*** : JAIPUR RMS ( B ) : 331 001 - 335 999
341,JODHPUR RMS ( C ),341001,341999,341*** : JODHPUR RMS ( C ) : 341 001 - 341 999
342,JODHPUR RMS ( D ),342001,342999,342*** : JODHPUR RMS ( D ) : 342 001 - 342 999
343,JODHPUR RMS ( A ),343001,343999,343*** : JODHPUR RMS ( A ) : 343 001 - 343 999
344,JODHPUR RMS ( E ),344001,344999,344*** : JODHPUR RMS ( E ) : 344 001 - 344 999
345,JODHPUR RMS ( B ),345001,345999,345*** : JODHPUR RMS ( B ) : 345 001 - 345 999
360,RAJKOT RMS,360001,363999,360*** : RAJKOT RMS : 360 001 - 363 999
364,AHAMEDABAD PSO ( A ),364001,364999,364*** : AHAMEDABAD PSO ( A ) : 364 001 - 364 999
365,AHAMEDABAD PSO ( B ),365001,365999,365*** : AHAMEDABAD PSO ( B ) : 365 001 - 365 999
370,AHAMEDABAD PSO ( C ),370001,370999,370*** : AHAMEDABAD PSO ( C ) : 370 001 - 370 999
380,AHAMEDABAD PSO ( D ),380001,380999,380*** : AHAMEDABAD PSO ( D ) : 380 001 - 380 999
382,AHAMEDABAD PSO ( E ),382001,385999,382*** : AHAMEDABAD PSO ( E ) : 382 001 - 385 999
387,ANAND RMS ( A ),387001,387999,387*** : ANAND RMS ( A ) : 387 001 - 387 999
388,ANAND RMS ( B ),388001,388999,388*** : ANAND RMS ( B ) : 388 001 - 388 999
389,VADODARA RMS,389001,393999,389*** : VADODARA RMS : 389 001 - 393 999
394,SURAT RMS,394001,398999,394*** : SURAT RMS : 394 001 - 398 999
400,MUMBAI PSO ( A ),400001,402999,400*** : MUMBAI PSO ( A ) : 400 001 - 402 999
403,PANAJI SORTING,403001,404999,403*** : PANAJI SORTING : 403 001 - 404 999
410,MUMBAI PSO ( B ),410001,410999,410*** : MUMBAI PSO ( B ) : 410 001 - 410 999
411,PUNE PSO,411001,416999,411*** : PUNE PSO : 411 001 - 416 999
421,MUMBAI PSO ( C ),421001,425999,421*** : MUMBAI PSO ( C ) : 421 001 - 425 999
430,AURANGABAD RMS,430001,431999,430*** : AURANGABAD RMS : 430 001 - 431 999
440,NAGPUR RMS,440001,446999,440*** : NAGPUR RMS : 440 001 - 446 999
450,INDORE RMS,450001,458999,450*** : INDORE RMS : 450 001 - 458 999
460,BHOPAL RMS,460001,466999,460*** : BHOPAL RMS : 460 001 - 466 999
470,JABALPUR RMS ( A ),470001,470999,470*** : JABALPUR RMS ( A ) : 470 001 - 470 999
471,GWALIOR RMS,471001,477999,471*** : GWALIOR RMS : 471 001 - 477 999
480,JABALPUR RMS ( B ),480001,488999,480*** : JABALPUR RMS ( B ) : 480 001 - 488 999
490,RAIPUR RMS,490001,494999,490*** : RAIPUR RMS : 490 001 - 494 999
495,BILASPUR RMS,495001,497999,495*** : BILASPUR RMS : 495 001 - 497 999
500,HYDERABAD SORTING ( A ),500001,500999,500*** : HYDERABAD SORTING ( A ) : 500 001 - 500 999
501,HYDERABAD SORTING ( B ),501001,501999,501*** : HYDERABAD SORTING ( B ) : 501 001 - 501 999
502,NAMPALLY SORTING ( A ),502001,506999,502*** : NAMPALLY SORTING ( A ) : 502 001 - 506 999
507,VIJAYAWADA RMS ( A ),507001,507999,507*** : VIJAYAWADA RMS ( A ) : 507 001 - 507 999
508,NAMPALLY SORTING ( B ),508001,508999,508*** : NAMPALLY SORTING ( B ) : 508 001 - 508 999
509,NAMPALLY SORTING ( C ),509001,509999,509*** : NAMPALLY SORTING ( C ) : 509 001 - 509 999
515,KURNOOL RMS ( A ),515001,515999,515*** : KURNOOL RMS ( A ) : 515 001 - 515 999
516,TIRUPATHY RMS ( A ),516001,516999,516*** : TIRUPATHY RMS ( A ) : 516 001 - 516 999
517,TIRUPATHY RMS ( B ),517001,517999,517*** : TIRUPATHY RMS ( B ) : 517 001 - 517 999
518,KURNOOL RMS ( B ),518001,518999,518*** : KURNOOL RMS ( B ) : 518 001 - 518 999
520,VIJAYAWADA RMS ( B ),520001,523999,520*** : VIJAYAWADA RMS ( B ) : 520 001 - 523 999
524,TIRUPATHY RMS ( C ),524001,524999,524*** : TIRUPATHY RMS ( C ) : 524 001 - 524 999
530,VISAKAPATINAM RMS ( A ),530001,533999,530*** : VISAKAPATINAM RMS ( A ) : 530 001 - 533 999
534,VIJAYAWADA RMS ( C ),534001,534999,534*** : VIJAYAWADA RMS ( C ) : 534 001 - 534 999
535,VISAKAPATINAM RMS ( B ),535001,535999,535*** : VISAKAPATINAM RMS ( B ) : 535 001 - 535 999
560,BANGALORE PSO ( A ),560001,563999,560*** : BANGALORE PSO ( A ) : 560 001 - 563 999
570,MYSORE RMS ( A ),570001,570999,570*** : MYSORE RMS ( A ) : 570 001 - 570 999
571,MYSORE RMS ( B ),571001,571999,571*** : MYSORE RMS ( B ) : 571 001 - 571 999
572,BANGALORE PSO ( B ),572001,572999,572*** : BANGALORE PSO ( B ) : 572 001 - 572 999
573,MYSORE RMS ( C ),573001,573999,573*** : MYSORE RMS ( C ) : 573 001 - 573 999
574,MANGALORE RMS,574001,576999,574*** : MANGALORE RMS : 574 001 - 576 999
577,BIRUR RMS,577001,577999,577*** : BIRUR RMS : 577 001 - 577 999
580,HUBLI RMS ( A ),580001,583999,580*** : HUBLI RMS ( A ) : 580 001 - 583 999
584,GULBARGA SORTING,584001,586999,584*** : GULBARGA SORTING : 584 001 - 586 999
587,HUBLI RMS ( B ),587001,587999,587*** : HUBLI RMS ( B ) : 587 001 - 587 999
590,HUBLI RMS ( C ),590001,590999,590*** : HUBLI RMS ( C ) : 590 001 - 590 999
591,HUBLI RMS ( D ),591001,591999,591*** : HUBLI RMS ( D ) : 591 001 - 591 999
600,CHENNAI,600001,600999,600*** : HENNAI : TONDIARPET FORT ST GEORGE : 600 001 : 600 999
601,CHENNAI,601001,601999,601*** : CHENNAI : TRIRUVARUR : 601 001 : 601 999
602,MADHURAVAYAL,602102,602999,602*** : MADHURAVAYAL : 602 102 - 602 102
602,CHENNAI,602001,602999,602*** : CHENNAI NGGO COLONY TIRUVALLUR : 602 001 : 602 999
603,CHENGALPET RMS,603001,603999,603*** : CHENGALPET RMS : 603 001 - 603 999
604,CHENNAI,604001,604999,604*** : CHENNAI TINDIVADAM : 604 001 : 604 999
605,VILLUPURAM RMS ( A ),605101,605999,605*** : VILLUPURAM RMS ( A ) : 605 101 - 605 999
605,PONDICHERRY,605001,605999,605*** : PONDICHERRY : 605 001 : 605 999
606,VRIDHACHALAM RMS ( A ),606001,606908,606*** : VRIDHACHALAM RMS ( A ) : 606 001 - 606 199
607,VRIDHACHALAM RMS ( C ),607001,607999,607*** : VRIDHACHALAM RMS ( C ) : 607 001 - 607 999
608,VRIDHACHALAM RMS ( D ),608001,608999,608*** : VRIDHACHALAM RMS ( D ) : 608 001 - 608 999
609,MAYILADUTHURAI RMS,609001,609999,609*** : MAYILADUTHURAI RMS : 609 001 - 609 999
610,TIRUVARUR STG (A ),610001,610999,610*** : TIRUVARUR STG (A ) : 610 001 - 610 999
611,TIRUVARUR STG ( B ),611001,611999,611*** : TIRUVARUR STG ( B ) : 611 001 - 611 999
612,KUMBAKONAM RMS,612001,612999,612*** : KUMBAKONAM RMS : 612 001 - 612 999
613,THANJAVUR RMS ( A ),613001,613999,613*** : THANJAVUR RMS ( A ) : 613 001 - 613 999
614,THANJAVUR RMS ( B ),614001,614999,614*** : THANJAVUR RMS ( B ) : 614 001 - 614 999
620,TRICHY RMS ( A ),620001,620999,620*** : TRICHY RMS ( A ) : 620 001 - 620 999
621,TRICHY RMS ( B ),621001,621999,621*** : TRICHY RMS ( B ) : 621 001 - 621 999
622,PUDUKOTTAI RMS,622001,622999,622*** : PUDUKOTTAI RMS : 622 001 - 622 999
623,PARAMAKUDI STG,623001,623999,623*** : PARAMAKUDI STG : 623 001 - 623 999
624,DINDIGUL RMS,624001,624999,624*** : DINDIGUL RMS : 624 001 - 624 999
625,MADURAI RMS ( A ),625001,625999,625*** : MADURAI RMS ( A ) : 625 001 - 625 999
626,MADURAI RMS ( B ),626301,626999,626*** : MADURAI RMS ( B ) : 626 301 - 626 999
626,VIRUDHUNAGAR RMS,626001,626299,626*** : VIRUDHUNAGAR RMS  : 626 001 - 626 299
627,TIRUNELVELI RMS,627001,627999,627*** : TIRUNELVELI RMS : 627 001 - 627 999
628,TUTICORIN RMS,628001,628999,628*** : TUTICORIN RMS : 628 001 - 628 999
629,NAGERCOIL RMS,629001,629999,629*** : NAGERCOIL RMS : 629 001 - 629 999
630,KARAIKUDI STG,630001,630999,630*** : KARAIKUDI STG : 630 001 - 630 999
631,ARAKONAM RMS,631001,631999,631*** : ARAKONAM RMS : 631 001 - 631 999
632,TAMIL NADU,632001,632999,632*** : TAMIL NADU VELLOR : 632 001 : 632 999
635,MBC JOLARPET RMS,635001,635999,635*** : MBC JOLARPET RMS : 635 001 - 635 999
636,SALEM JN. RMS ( A ),636001,636700,636*** : SALEM JN. RMS ( A ) : 636 001 - 636 700
636,DHARMAPURI STG,636701,636999,636*** : DHARMAPURI STG : 636 701 - 636 999
637,SALEM JN. RMS ( B ),637001,637999,637*** : SALEM JN. RMS ( B ) : 637 001 - 637 999
638,ERODE RMS,638001,638999,638*** : ERODE RMS : 638 001 - 638 999
639,KARUR STG.,639001,639999,639*** : KARUR STG. : 639 001 - 639 999
641,COIMBATORE RMS,641001,641999,641*** : COIMBATORE RMS : 641 001 - 641 599
642,POLLACHI STG,642001,642999,642*** : POLLACHI STG : 642 001 - 642 999
643,OOTY STG,643001,643999,643*** : OOTY STG : 643 001 - 643 999
670,KOZHIKODE RMS ( A ),670001,670999,670*** : KOZHIKODE RMS ( A ) : 670 001 - 670 999
671,KOZHIKODE RMS ( B ),671001,671999,671*** : KOZHIKODE RMS ( B ) : 671 001 - 671 999
673,KOZHIKODE RMS ( C ),673001,673999,673*** : KOZHIKODE RMS ( C ) : 673 001 - 673 999
676,KOZHIKODE RMS ( D ),676001,676999,676*** : KOZHIKODE RMS ( D ) : 676 001 - 676 999
678,TRICHUR RMS,678001,680999,678*** : TRICHUR RMS : 678 001 - 680 999
682,KOCHI SORTING ( A ),682001,682999,682*** : KOCHI SORTING ( A ) : 682 001 - 682 999
683,KOCHI SORTING ( B ),683001,683999,683*** : KOCHI SORTING ( B ) : 683 001 - 683 999
685,KOTTAYAM RMS ( A ),685001,685999,685*** : KOTTAYAM RMS ( A ) : 685 001 - 685 999
686,KOTTAYAM RMS ( B ),686001,686999,686*** : KOTTAYAM RMS ( B ) : 686 001 - 686 999
688,KOCHI SORTING ( C ),688001,688999,688*** : KOCHI SORTING ( C ) : 688 001 - 688 999
689,TIRUVALLA RMS,689001,691999,689*** : TIRUVALLA RMS : 689 001 - 691 999
695,TRIVANDRAM RMS,695001,695999,695*** : TRIVANDRAM RMS : 695 001 - 695 999
700001,KOLKATA,700001,700001,001 : KOLKATA GPO : 700 001 - 700 001
700002,KOLKATA,700002,700002,002 : KOLKATA COSSIPORE : 700 002 - 700 002
700003,KOLKATA,700003,700003,003 : KOLKATA BAGBAZAR : 700 003 - 700 003
700004,KOLKATA,700004,700004,004 : KOLKATA SHYAMBAZAR : 700 004 - 700 004
700005,KOLKATA,700005,700005,005 : KOLKATA AHIRITOLA : 700 005 - 700 005
700006,KOLKATA,700006,700006,006 : KOLKATA JORASAKO : 700 006 - 700 006
700007,KOLKATA,700007,700007,007 : KOLKATA BARABAZAR : 700 007 - 700 007
700008,KOLKATA,700008,700008,008 : KOLKATA BARISHA : 700 008 - 700 008
700009,KOLKATA,700009,700009,009 : KOLKATA RAJA RAM MOHAN SARANI : 700 009 - 700 009
700010,KOLKATA,700010,700010,010 : KOLKATA BELIAGHATA : 700 010 - 700 010
700011,KOLKATA,700011,700011,011 : KOLKATA NARKELDANGA : 700 011 - 700 011
700012,KOLKATA,700012,700012,012 : KOLKATA  BOW BAZAR : 700 012 - 700 012
700013,KOLKATA,700013,700013,013 : KOLKATA DHARAMTALA : 700 013 - 700 013
700014,KOLKATA,700014,700014,014 : KOLKATA ENTALLY : 700 014 - 700 014
700015,KOLKATA,700015,700015,015 : KOLKATA TANGRA : 700 015 - 700 015
700016,KOLKATA,700016,700016,016 : KOLKATA PARK STREET : 700 016 - 700 016
700017,KOLKATA,700017,700017,017 : KOLKATA PARK CIRCUS : 700 017 - 700 017
700018,KOLKATA,700018,700018,018 : KOLKATA BARTALA : 700 018 - 700 018
700019,KOLKATA,700019,700019,019 : KOLKATA BALLYGUNJ : 700 019 - 700 019
700020,KOLKATA,700020,700020,020 : KOLKATA GOKHEL ROAD : 700 020 - 700 020
700021,KOLKATA,700021,700021,021 : KOLKATA FORT WILLIAM : 700 021 - 700 021
700022,KOLKATA,700022,700022,022 : KOLKATA HASTING : 700 022 - 700 022
700023,KOLKATA,700023,700023,023 : KOLKATA KHIDDIRPORE : 700 023 - 700 023
700024,KOLKATA,700024,700024,024 : KOLKATA GARDEN REACH : 700 024 - 700 024
700025,KOLKATA,700025,700025,025 : KOLKATA BHAWANIPORE : 700 025 - 700 025
700026,KOLKATA,700026,700026,026 : KOLKATA KALIGHAT : 700 026 - 700 026
700027,KOLKATA,700027,700027,027 : KOLKATA ALIPORE : 700 027 - 700 027
700028,KOLKATA,700028,700028,028 : KOLKATA DUMDUM : 700 028 - 700 028
700029,KOLKATA,700029,700029,029 : KOLKATA RASH BIHARI AVENUE : 700 029 - 700 029
700030,KOLKATA,700030,700030,030 : KOLKATA PURBA SINTHE : 700 030 - 700 030
700031,KOLKATA,700031,700031,031 : KOLKATA DHAKURIA : 700 031 - 700 031
700032,KOLKATA,700032,700032,032 : KOLKATA JADAVPUR : 700 032 - 700 032
700033,KOLKATA,700033,700033,033 : KOLKATA TOLLYGUNJ : 700 033 - 700 033
700034,KOLKATA,700034,700034,034 : KOLKATA BEHALA : 700 034 - 700 034
700035,KOLKATA,700035,700035,035 : KOLKATA ALAMBAZAR : 700 035 - 700 035
700036,KOLKATA,700036,700036,036 : KOLKATA BARANAGAR : 700 036 - 700 036
700037,KOLKATA,700037,700037,037 : KOLKATA BELGACHIA : 700 037 - 700 037
700038,KOLKATA,700038,700038,038 : KOLKATA SAHAPUR : 700 038 - 700 038
700039,KOLKATA,700039,700039,039 : KOLKATA TILJALA  : 700 039 - 700 039
700040,KOLKATA,700040,700040,040 : KOLKATA REGENT PARK : 700 040 - 700 040
700041,KOLKATA,700041,700041,041 : KOLKATA PASCHIM PUTIARI : 700 041 - 700 041
700042,KOLKATA,700042,700042,042 : KOLKATA KASBA : 700 042 - 700 042
700043,KOLKATA,700043,700043,043 : KOLKATA SOUTH EASTERN RAILWAY: 700 043 - 700 043
700044,KOLKATA,700044,700044,044 : KOLKATA RAJA BAGAN DOCKYARD : 700 044 - 700 044
700045,KOLKATA,700045,700045,045 : KOLKATA LAKE GARDENS : 700 045 - 700 045
700046,KOLKATA,700046,700046,046 : KOLKATA GOBINDA KHATICK ROAD : 700 046 - 700 046
700047,KOLKATA,700047,700047,047 : KOLKATA GANGULY BAGAN : 700 047 - 700 047
700048,KOLKATA,700048,700048,048 : KOLKATA PATIPUKUR : 700 048 - 700 048
700049,KOLKATA,700049,700049,049 : KOLKATA NIMTA : 700 049 - 700 049
700050,KOLKATA,700050,700050,050 : KOLKATA SOUTH SINTHE : 700 050 - 700 050
700051,KOLKATA,700051,700051,051 : KOLKATA BIRATI : 700 051 - 700 051
700052,KOLKATA,700052,700052,052 : KOLKATA KENTRIYA VIHAR : 700 052 - 700 052
700053,KOLKATA,700053,700053,053 : KOLKATA NEW ALIPORE : 700 053 - 700 053
700054,KOLKATA,700054,700054,054 : KOLKATA KANKURGACHI : 700 054 - 700 054
700055,KOLKATA,700055,700055,055 : KOLKATA DUMDUM PARK : 700 055 - 700 055
700056,KOLKATA,700056,700056,056 : KOLKATA BELGHARIA : 700 056 - 700 056
700057,KOLKATA,700057,700057,057 : KOLKATA ARIADAHA : 700 057 - 700 057
700058,KOLKATA,700058,700058,058 : KOLKATA KAMARHATI : 700 058 - 700 058
700059,KOLKATA,700059,700059,059 : KOLKATA BAGUIATI : 700 059 - 700 059
700060,KOLKATA,700060,700060,060 : KOLKATA PARNASREE PALLY : 700 060 - 700 060
700061,KOLKATA,700061,700061,061 : KOLKATA SAKUNTALA PARK : 700 061 - 700 061
700062,KOLKATA,700062,700062,062 : KOLKATA WEST BENGAL GOVERNORS CAMPS : 700 062 - 700 062
700063,KOLKATA,700063,700063,063 : KOLKATA THAKURPUKUR: 700 063 - 700 063
700064,KOLKATA,700064,700064,064 : KOLKATA SALT LAKE SECTOR i : 700 064 - 700 064
700065,KOLKATA,700065,700065,065 : KOLKATA DURGANAGAR: 700 065 - 700 065
700066,KOLKATA,700066,700066,066 : KOLKATA BIDHANGARH : 700 066 - 700 066
700067,KOLKATA,700067,700067,067 : KOLKATA ULTADANGA MAIN ROAD : 700 067 - 700 067
700068,KOLKATA,700068,700068,068 : KOLKATA JODHPUR PARK : 700 068 - 700 068
700069,KOLKATA,700069,700069,069 : KOLKATA ESPLANADE : 700 069 - 700 069
700070,KOLKATA,700070,700070,070 : KOLKATA BANSDRONI : 700 070 - 700 070
700071,KOLKATA,700071,700071,071 : KOLKATA RUSSEL STREET: 700 071 - 700 071
700072,KOLKATA,700072,700072,072 : KOLKATA PRINCEP STREET : 700 072 - 700 072
700073,KOLKATA,700073,700073,073 : KOLKATA TIRETTA BAZAR : 700 073 - 700 073
700074,KOLKATA,700074,700074,074 : KOLKATA MOTIJHEEL: 700 074 - 700 074
700075,KOLKATA,700075,700075,075 : KOLKATA SANTOSHPUR: 600 075 - 600 075
700076,KOLKATA,700076,700076,076 : KOLKATA DAKSHINESWAR : 700 076 - 700 076
700077,KOLKATA,700077,700077,077 : KOLKATA BEDIAPARA : 700 077 - 700 077
700078,KOLKATA,700078,700078,078 : KOLKATA HALTU : 700 078 - 700 078
700079,KOLKATA,700079,700079,079 : KOLKATA ITALGACHA : 700 079 - 700 079
700080,KOLKATA,700080,700080,080 : KOLKATA MALL ROAD: 700 080 - 700 080
700081,KOLKATA,700081,700081,081 : KOLKATA RAJBARI COLONY : 700 081 - 700 081
700082,KOLKATA,700082,700082,082 : KOLKATA HARIDEVPUR : 700 082 - 700 082
700083,KOLKATA,700083,700083,083 : KOLKATA EAST BELGHORIA : 700 083 - 700 083
700084,KOLKATA,700084,700084,084 : KOLKATA GARIA GARDEN: 700 084 - 700 084
700085,KOLKATA,700085,700085,085 : KOLKATA KG BOSE SARANI : 700 085 - 700 085
700086,KOLKATA,700086,700086,086 : KOLKATA BAGAJATIN : 700 086 - 700 086
700087,KOLKATA,700087,700087,087 : KOLKATA NEW MARKET : 700 087 - 700 087
700088,KOLKATA,700088,700088,088 : KOLKATA TARATALA : 700 088 - 700 088
700089,KOLKATA,700089,700089,089 : KOLKATA LAKE TOWN KALINDI : 700 089 - 700 089
700090,KOLKATA,700090,700090,090 : KOLKATA NOAPARA  : 700 090 - 700 090
700091,KOLKATA,700091,700091,091 : KOLKATA  SALT LAKE SECTOR II: 600 091 - 600 091
700092,KOLKATA,700092,700092,092 : KOLKATA REGENT ESTATE : 700 092 - 700 092
700093,KOLKATA,700093,700093,093 : KOLKATA PURBA PUTIARY : 700 093 - 700 093
700094,KOLKATA,700094,700094,094 : KOLKATA BAISHNAB GHATA PATULI : 700 094 - 700 094
700095,KOLKATA,700095,700095,095 : KOLKATA GOLF GREEN : 700 095 - 700 095
700096,KOLKATA,700096,700096,096 : KOLKATA BRAHMAPUR : 700 096 - 700 096
700097,KOLKATA,700097,700097,097 : KOLKATA PURBACHAL : 700 097 - 700 097
700098,KOLKATA,700098,700098,098 : KOLKATA BIDHAN NAGAR SAI COMPLEX : 700 098 - 700 098
700099,KOLKATA,700099,700099,099 : KOLKATA MUKUNDAPUR : 700 099 - 700 099
700100,KOLKATA,700100,700100,100 : KOLKATA VIP NAGAR : 700 100 - 700 100
700101,KOLKATA,700101,700101,101 : KOLKATA PRAFULLA KANAN: 700 101 - 700 101
700102,KOLKATA,700102,700102,102 : KOLKATA KRISHNAPUR NORTH 24 PGRS : 600 102 - 600 102
700103,KOLKATA,700103,700103,103 : KOLKATA NARENDRAPUR : 700 103 - 700 103
700104,KOLKATA,700104,700104,104 : KOLKATA IIM JOKA : 700 104 - 600 104
700105,KOLKATA,700105,700105,105 : KOLKATA DHAPA : 700 105 - 700 105
700106,KOLKATA,700106,700106,106 : KOLKATA SALT LAKE SECTOR III : 700 106 - 700 106
700107,KOLKATA,700107,700107,107 : KOLKATA MADURDAHA : 700 107 - 700 107
700108,KOLKATA,700108,700108,108 : KOLKATA ASHOKEGARH: 700 108 - 700 108
700109,KOLKATA,700109,700109,109 : KOLKATA AGARPARA : 700 109 - 700 109
700110,KOLKATA,700110,700110,110 : KOLKATA SODEPUR : 700 110 - 700 110
700111,KOLKATA,700111,700111,111 : KOLKATA GHOLA BAZAR : 700 111 - 700 111
700112,KOLKATA,700112,700112,112 : KOLKATA PANSILA : 700 112 - 700 112
700113,KOLKATA,700113,700113,113 : KOLKATA NATAGARH : 700 113 - 700 113
700114,KOLKATA,700114,700114,114 : KOLKATA PANIHATI: 700 114 - 700 114
700115,KOLKATA,700115,700115,115 : KOLKATA SUKCHAR SODEPUR: 700 115 - 700 115
700116,KOLKATA,700116,700116,116 : KOLKATA BD SOPAN : 700 116 - 700 116
700117,KOLKATA,700117,700117,117 : KOLKATA KARDAH : 700 117 - 700 117
700118,KOLKATA,700118,700118,118 : KOLKATA RAHARA : 700 118 - 700 118
700119,KOLKATA,700119,700119,119 : KOLKATA TITAGARH : 700 119 - 700 119
700120,KOLKATA,700120,700120,120 : KOLKATA BARRACKPORE : 700 120 - 700 120
700121,KOLKATA,700121,700121,121 : KOLKATA NILGANJ BAZAR : 700 121 - 700 121
700122,KOLKATA,700122,700122,122 : KOLKATA BARACKPORE ANANDAPURI : 700 122 - 700 122
700123,KOLKATA,700123,700123,123 : KOLKATA BARACKPORE RAILWAY STATION: 700 123 - 700 123
700124,KOLKATA,700124,700124,124 : KOLKATA  BARASAT : 700 124 - 700 124
700125,KOLKATA,700125,700125,125 : KOLKATA KADAMBAGACHI : 700 125 - 700 125
700126,KOLKATA,700126,700126,126 : KOLKATA MALIKAPUR: 700 126 - 700 126
700127,KOLKATA,700127,700127,127 : KOLKATA HRIDAYPUR: 700 127 - 700 127
700128,KOLKATA,700128,700128,128 : KOLKATA : 700 128 - 700 128
700129,KOLKATA,700129,700129,129 : KOLKATA MADHYAMGRAM : 700 129 - 700 129
700130,KOLKATA,700130,700130,130 : KOLKATA KORACHANDIGARH: 700 130 - 700 130
700131,KOLKATA,700131,700131,131 : KOLKATA NEW BARRACKPUR : 700 131 - 700 131
700132,KOLKATA,700132,700132,132 : KOLKATA GANGANAGAR : 700 132 - 700 132
700133,KOLKATA,700133,700133,133 : KOLKATA MICHEALNAGAR : 700 133 - 700 133
700134,KOLKATA,700134,700134,134 : KOLKATA NILACHAL : 700 134 - 700 134
700135,KOLKATA,700135,700135,135 : KOLKATA KAMDUNI : 700 135 - 700 135
700136,KOLKATA,700136,700136,136 : KOLKATA RAJARHAT GOPALPUR : 700 136 - 700 136
700137,KOLKATA,700137,700137,137 : KOLKATA BUDGE BUDGE : 700 137 - 700 137
700139,KOLKATA,700139,700139,139 : KOLKATA DAULATPUR : 700 139 - 700 139
700140,KOLKATA,700140,700140,140 : KOLKATA BATA NAGAR - 700 140 - 700 140
700141,KOLKATA,700141,700141,141 : KOLKATA MAHESHTALA : 700 141 - 700 141
700144,KOLKATA,700144,700144,144 : KOLKATA BARUIPUR - 700 144 - 700 144
700145,KOLKATA,700145,700145,145 : KOLKATA MALANCHA MAHINAGAR : 700 145 - 700 145
700146,KOLKATA,700146,700146,146 : KOLKATA KODALIA : 700 146 - 700 146
700147,KOLKATA,700147,700147,147 : KOLKATA SUBHAS GRAM : 700 147 - 700 147
700148,KOLKATA,700148,700148,148 : KOLKATA HARINAVI : 700 148 - 700 148
700149,KOLKATA,700149,700149,149 : KOLKATA RAJPUR BAZAR : 700 149 - 700 149
700150,KOLKATA,700150,700150,150 : KOLKATA NAYABAD : 700 150 - 700 150
700151,KOLKATA,700151,700151,151 : KOLKATA DAKHIN JAGATDAL 700 151 - 700 151
700152,KOLKATA,700152,700152,152 : KOLKATA PANCHPOTA 700 152 - 700 152
700153,KOLKATA,700153,700153,153 : KOLKATA LASKARPUR : 700 153 - 700 153
700154,KOLKATA,700154,700154,154 : KOLKATA BORAL : 700 154 - 700 154
700156,KOLKATA,700156,700156,156 : KOLKATA NEW TOWN : 700 156 - 700 156
700157,KOLKATA,700157,700157,157 : KOLKATA HATIYARA : 700 157 - 700 157
700158,KOLKATA,700158,700158,158 : KOLKATA BISAHRAR PARA : 700 158 - 700 158
700159,KOLKATA,700159,700159,159 : KOLKATA JYANGRA : 700 159 - 700 159
700161,KOLKATA,700161,700161,161 : KOLKATA NEW TOWN ACTION AREA II : 700 161 - 700 161
700162,KOLKATA,700162,700162,162 : KOLKATA GOURANGANAGAR : 700 162 - 700 162
700163,KOLKATA,700163,700163,163 : KOLKATA NEW TOWN ACTION AREA I : 700 163 - 700 163
711,HOWRAH RMS ( A ),711001,711999,711*** : HOWRAH RMS ( A ) : 711 001 - 711 999
712,HOWRAH RMS ( B ),712001,712999,712*** : HOWRAH RMS ( B ) : 712 001 - 712 999
713,ASANSOL RMS,713001,713999,713*** : ASANSOL RMS : 713 001 - 713 999
721,AMPC KOLKATA RMS ( B ),721001,723999,721*** : AMPC KOLKATA RMS ( B ) : 721 001 - 723 999
731,SILIGURI RMS,731001,737999,731*** : SILIGURI RMS : 731 001 - 737 999
741,AMPC KOLKATA RMS ( C ),741001,744999,741*** : AMPC KOLKATA RMS ( C ) : 741 001 - 744 999
751,BHUBANESHWAR ( A ),751001,751999,751*** : BHUBANESHWAR ( A ) : 751 001 - 751 999
752,BHUBANESHWAR ( B ),752001,752999,752*** : BHUBANESHWAR ( B ) : 752 001 - 752 999
753,CUTTACK RMS,753001,759999,753*** : CUTTACK RMS : 753 001 - 759 999
760,BERHAMBUR RMS,760001,765999,760*** : BERHAMBUR RMS : 760 001 - 765 999
766,JHARSAGUDA RMS,766001,770999,766*** : JHARSAGUDA RMS : 766 001 - 770 999
781,GUWAHATI RMS ( A ),781001,788999,781*** : GUWAHATI RMS ( A ) : 781 001 - 788 999
790,GUWAHATI RMS ( B ),790001,792999,790*** : GUWAHATI RMS ( B ) : 790 001 - 792 999
793,GUWAHATI RMS,793001,799999,793*** : GUWAHATI RMS : 793 001 - 799 999
800,PATNA RMS ( A ),800001,815999,800*** : PATNA RMS ( A ) : 800 001 - 815 999
816,PATNA RMS ( B ),816001,816999,816*** : PATNA RMS ( B ) : 816 001 - 816 999
821,GAYA RMS ( A ),821001,822999,821*** : GAYA RMS ( A ) : 821 001 - 822 999
823,GAYA RMS ( B ),823001,823999,823*** : GAYA RMS ( B ) : 823 001 - 823 999
824,GAYA RMS ( C ),824001,825999,824*** : GAYA RMS ( C ) : 824 001 - 825 999
826,DHANBAD RMS,826001,826999,826*** : DHANBAD RMS : 826 001 - 826 999
827,RANCHI RMS ( C ),827001,827999,827*** : RANCHI RMS ( C ) : 827 001 - 827 999
828,RANCHI RMS ( D ),828001,828999,828*** : RANCHI RMS ( D ) : 828 001 - 828 999
829,RANCHI RMS ( E ),829001,829999,829*** : RANCHI RMS ( E ) : 829 001 - 829 999
831,TATANAGAR RMS,831001,833999,831*** : TATANAGAR RMS : 831 001 - 833 999
834,RANCHI RMS ( A ),834001,834999,834*** : RANCHI RMS ( A ) : 834 001 - 834 999
835,RANCHI RMS ( B ),835001,835999,835*** : RANCHI RMS ( B ) : 835 001 - 835 999
841,PATNA RMS ( C ),841001,841999,841*** : PATNA RMS ( C ) : 841 001 - 841 999
842,MUZAFFARPUR RMS ( A ),842001,842999,842*** : MUZAFFARPUR RMS ( A ) : 842 001 - 842 999
843,MUZAFFARPUR RMS ( B ),843001,843999,843*** : MUZAFFARPUR RMS ( B ) : 843 001 - 843 999
844,PATNA RMS ( D ),844001,844999,844*** : PATNA RMS ( D ) : 844 001 - 844 999
845,MUZAFFARPUR RMS ( C ),845001,845999,845*** : MUZAFFARPUR RMS ( C ) : 845 001 - 845 999
846,BARAUNI RMS ( A ),846001,846999,846*** : BARAUNI RMS ( A ) : 846 001 - 846 999
847,BARAUNI RMS ( B ),847001,847999,847*** : BARAUNI RMS ( B ) : 847 001 - 847 999
848,MUZAFFARPUR RMS ( D ),848001,848999,848*** : MUZAFFARPUR RMS ( D ) : 848 001 - 848 999
851,BARAUNI RMS ( C ),851001,851999,851*** : BARAUNI RMS ( C ) : 851 001 - 851 999
852,BARAUNI RMS ( D ),852001,853999,852*** : BARAUNI RMS ( D ) : 852 001 - 853 999
854,BARAUNI RMS ( E ),854001,854999,854*** : BARAUNI RMS ( E ) : 854 001 - 854 999
855,BARAUNI RMS ( F ),855001,855999,855*** : BARAUNI RMS ( F ) : 855 001 - 855 999
901,PR,,,901 : PR
902,RR,,,902 : RR
903,R3,,,903 : R3
904,R4,,,904 : R4
905,R6,,,905 : R6
906,PH,,,906 : PH
907,HH,,,907 : HAND DELIVERY
908,GD,,,908 : GROUP DELIVERY
909***,FOREIGN-AIR,,,909 : FOREIGN-AIR
910***,FOREIGN-SEA,,,910 : FOREIGN-SEA
911***,TRANSPORT,,,911 : TRANSPORT
